<?xml version="1.0" encoding="UTF-8"?>
<templates xml:space="preserve">

    <t t-name="omni_print.PrintTrayMenu">
        <Dropdown position="'bottom-start'" state="dropdown" menuClass="'m-0 p-0 printer-status'">
            <button class="o-dropdown--narrow">
                <t t-if='state.connection == "online"'>
                    <svg xmlns="http://www.w3.org/2000/svg" width="16" height="16" viewBox="0 0 24 24">
                        <path fill="#1eade9" d="M19 8H5c-1.66 0-3 1.34-3 3v4c0 1.1.9 2 2 2h2v2c0 1.1.9 2 2 2h8c1.1 0 2-.9 2-2v-2h2c1.1 0 2-.9 2-2v-4c0-1.66-1.34-3-3-3m-4 11H9c-.55 0-1-.45-1-1v-4h8v4c0 .55-.45 1-1 1m4-7c-.55 0-1-.45-1-1s.45-1 1-1s1 .45 1 1s-.45 1-1 1m-2-9H7c-.55 0-1 .45-1 1v2c0 .55.45 1 1 1h10c.55 0 1-.45 1-1V4c0-.55-.45-1-1-1" />
                    </svg>
                </t>
                <t t-elif='state.connection == "offline"'>
                    <svg xmlns="http://www.w3.org/2000/svg" width="16" height="16" viewBox="0 0 24 24">
                        <path fill="gray" d="M2.12 2.32A.996.996 0 1 0 .71 3.73L4.98 8A2.998 2.998 0 0 0 2 11v4c0 1.1.9 2 2 2h2v2c0 1.1.9 2 2 2h8c.55 0 1.04-.22 1.4-.58l2.83 2.83a.996.996 0 1 0 1.41-1.41zM15 19H9c-.55 0-1-.45-1-1v-4h2.98l4.72 4.72c-.19.17-.43.28-.7.28m4-11h-8.37l9 9H20c1.1 0 2-.9 2-2v-4c0-1.66-1.34-3-3-3m0 4c-.55 0-1-.45-1-1s.45-1 1-1s1 .45 1 1s-.45 1-1 1m-2-5c.55 0 1-.45 1-1V4c0-.55-.45-1-1-1H7c-.37 0-.68.21-.85.51L9.63 7z" />
                    </svg>
                </t>
                <t t-else="">
                    <svg xmlns="http://www.w3.org/2000/svg" width="16" height="16" viewBox="0 0 24 24">
                        <path fill="gray" d="M19 8H5c-1.66 0-3 1.34-3 3v4c0 1.1.9 2 2 2h2v2c0 1.1.9 2 2 2h8c1.1 0 2-.9 2-2v-2h2c1.1 0 2-.9 2-2v-4c0-1.66-1.34-3-3-3m-4 11H9c-.55 0-1-.45-1-1v-4h8v4c0 .55-.45 1-1 1m4-7c-.55 0-1-.45-1-1s.45-1 1-1s1 .45 1 1s-.45 1-1 1m-2-9H7c-.55 0-1 .45-1 1v2c0 .55.45 1 1 1h10c.55 0 1-.45 1-1V4c0-.55-.45-1-1-1" />
                    </svg>
                </t>
            </button>
            <t t-set-slot="content">
                <div class="dropdown-item px-3 py-1 text-white opacity-100" t-attf-class="printer-status-{{state.connection}}" t-on-click="reconnect">
                    <t t-if="state.connection == 'unknown'">
                        Your print service status is unknown.
                    </t>
                    <t t-elif="state.connection == 'online'">
                        Your print service is online.
                    </t>
                    <t t-elif="state.connection == 'offline'">
                        Your print service is offline.
                    </t>
                </div>
            </t>
        </Dropdown>
    </t>
</templates>